{"stats":{"minecraft:killed":{"minecraft:rabbit":1,"minecraft:creeper":1},"minecraft:custom":{"minecraft:jump":23,"minecraft:time_since_rest":15155,"minecraft:damage_dealt":230,"minecraft:crouch_one_cm":66,"minecraft:leave_game":2,"minecraft:play_time":15155,"minecraft:sprint_one_cm":863,"minecraft:time_since_death":15155,"minecraft:walk_one_cm":2218,"minecraft:sneak_time":187,"minecraft:total_world_time":15155,"minecraft:mob_kills":2,"minecraft:fall_one_cm":418,"minecraft:fly_one_cm":20256},"minecraft:used":{"fancytools:obsidian_sword":7}},"DataVersion":3465}