{"stats":{"minecraft:dropped":{"minecraft:sand":1,"minecraft:gunpowder":2,"minecraft:rabbit":1},"minecraft:killed":{"minecraft:rabbit":2,"minecraft:creeper":1},"minecraft:picked_up":{"minecraft:sand":1,"minecraft:rabbit":1,"minecraft:gunpowder":2},"minecraft:custom":{"minecraft:time_since_rest":19630,"minecraft:crouch_one_cm":199,"minecraft:sprint_one_cm":903,"minecraft:play_time":19630,"minecraft:walk_one_cm":3680,"minecraft:sneak_time":228,"minecraft:mob_kills":3,"minecraft:drop":3,"minecraft:jump":26,"minecraft:damage_dealt":260,"minecraft:leave_game":3,"minecraft:time_since_death":19630,"minecraft:total_world_time":19630,"minecraft:fall_one_cm":418,"minecraft:fly_one_cm":20765},"minecraft:used":{"minecraft:sand":3,"fancytools:obsidian_sword":8}},"DataVersion":3465}